Bahrain Grand Prix,Bahrain International Circuit,26.0325,50.5106,2023-03-05
Saudi Arabian Grand Prix,Jeddah Corniche Circuit,21.6371,39.1029,2023-03-19
Australian Grand Prix,Albert Park Circuit,-37.8497,144.968,2023-04-02
Azerbaijan Grand Prix,Baku City Circuit,40.3725,49.8533,2023-04-30
Miami Grand Prix,Miami International Autodrome,25.9571,-80.2312,2023-05-07
Italian Grand Prix,Autodromo Enzo e Dino Ferrari,44.3449, 11.7159,2023-05-21
Monaco Grand Prix,Circuit de Monaco,43.7347,7.4206,2023-05-28
Spanish Grand Prix,Circuit de Barcelona-Catalunya,41.5664,2.2618,2023-04-30
Canadian Grand Prix,Circuit Gilles-Villeneuve,45.5022,-73.5225,2023-06-18
Austrian Grand Prix,Red Bull Ring,47.2197,14.7647,2023-07-02
British Grand Prix,Silverstone Circuit,52.0786,-1.0169,2023-07-09
Hungarian Grand Prix,Hungaroring,47.5836,19.2506,2023-07-23
Belgian Grand Prix,Circuit de Spa-Francorchamps,50.4372,5.9714,2023-07-30
Dutch Grand Prix,Circuit Zandvoort,52.3896, 4.5414,2023-08-27
Italian Grand Prix,Autodromo Nazionale Monza,45.6156,9.2811,2023-09-03
Singapore Grand Prix,Marina Bay Street Circuit,1.2914,103.8646,2023-09-17
Japanese Grand Prix,Suzuka International Racing Course,34.8431,136.5402,2023-09-24
Qatar Grand Prix,Lusail International Circuit,25.5004, 51.4510,2023-10-08
United States Grand Prix,Circuit of The Americas,30.1333,-97.6411,2023-10-22
Mexican Grand Prix,Autódromo Hermanos Rodríguez,19.4061,-99.0907,2023-10-29
Brazilian Grand Prix,Autódromo José Carlos Pace,-23.7014,-46.6976,2023-11-05
Las Vegas Grand Prix,Las Vegas,36.1175, -115.1614,2023-10-22
Abu Dhabi Grand Prix,Yas Marina Circuit,24.4672,54.6033,2023-12-10
